"Module","Study","Gender","Age","Disease","Tissue","p.value.Study","p.value.Gender","p.value.Age","p.value.Disease","p.value.Tissue"
"MEHuAgeDis_01","-4.5102810375397e-16","-2.43728648374741e-16","-0.325452316523112","-0.651495593635531","-4.5102810375397e-16","0.999999999999991","0.999999999999995","3.50300646631894e-17","3.25655602025039e-78","0.999999999999991"
"MEHuAgeDis_08","1.63757896132211e-15","5.24753851482984e-16","-0.664287831749112","-0.076409583241506","1.63757896132211e-15","0.999999999999967","0.999999999999989","2.5807432901988e-82","0.0539146654971811","0.999999999999967"
"MEHuAgeDis_06","2.07472927726826e-15","7.95370713735366e-16","-0.656462060984307","-0.431206549757843","2.07472927726826e-15","0.999999999999958","0.999999999999984","8.79772062183622e-80","3.13565119228697e-30","0.999999999999958"
"MEHuAgeDis_09","2.51881848711832e-15","1.07552855510562e-15","-0.616485467263742","-0.181632080624971","2.51881848711832e-15","0.999999999999949","0.999999999999978","6.04827886975468e-68","3.95731885402801e-06","0.999999999999949"
"MEHuAgeDis_00","-7.32053306862213e-16","-3.36102673470506e-16","0.574241386150589","-0.125383268663294","-7.32053306862213e-16","0.999999999999985","0.999999999999993","3.71066655060636e-57","0.00152000614133254","0.999999999999985"
"MEHuAgeDis_10","-3.41567052419833e-15","-1.346145417358e-15","-0.228937200810916","0.263009635633003","-3.41567052419833e-15","0.999999999999931","0.999999999999973","5.07904336123939e-09","1.53962774635985e-11","0.999999999999931"
"MEHuAgeDis_03","-3.46944695195361e-18","1.37043154602168e-16","0.00183921958393898","0.613222663407802","-3.46944695195361e-18","1","0.999999999999997","0.963048288659131","4.71474536557672e-67","1"
"MEHuAgeDis_04","1.88195813100034e-15","6.7876477008455e-16","-0.374989598105895","0.372910155878337","1.88195813100034e-15","0.999999999999962","0.999999999999986","1.06305411074232e-22","1.89770268266526e-22","0.999999999999962"
"MEHuAgeDis_07","6.86950496486816e-16","2.53269627492614e-16","0.263406284541617","0.466478948596709","6.86950496486816e-16","0.999999999999986","0.999999999999995","1.43170543401756e-11","9.82493578670204e-36","0.999999999999986"
"MEHuAgeDis_11","-1.69309011255336e-15","-5.96744875736022e-16","0.483778180883734","0.421216324991927","-1.69309011255336e-15","0.999999999999966","0.999999999999988","1.1187346896462e-38","8.73569927295804e-29","0.999999999999966"
"MEHuAgeDis_02","4.37150315946155e-16","3.18321757841744e-16","0.498367669320593","0.597415587516976","4.37150315946155e-16","0.999999999999991","0.999999999999994","2.70417852050518e-41","7.08203511604866e-63","0.999999999999991"
"MEHuAgeDis_05","1.17961196366423e-15","7.11236625150491e-16","0.309351464483114","0.642658466354934","1.17961196366423e-15","0.999999999999976","0.999999999999986","1.3589181077094e-15","1.70493913812035e-75","0.999999999999976"
